[
  {
    "line": 3,
    "elements": [
      {
        "line": 6,
        "name": "Login with registered credential",
        "description": "",
        "id": "login;login-with-registered-credential",
        "type": "scenario",
        "keyword": "Scenario",
        "steps": [
          {
            "result": {
              "duration": 23144397100,
              "status": "passed"
            },
            "line": 7,
            "name": "user already open apps",
            "match": {
              "location": "login.user_already_open_apps()"
            },
            "keyword": "Given "
          },
          {
            "result": {
              "duration": 4597296500,
              "status": "passed"
            },
            "line": 8,
            "name": "user click akun",
            "match": {
              "location": "login.user_click_akun()"
            },
            "keyword": "When "
          },
          {
            "result": {
              "duration": 1406604700,
              "status": "passed"
            },
            "line": 9,
            "name": "user click btn masuk pageAkunsaya",
            "match": {
              "location": "login.user_click_btn_masuk_pageAkunsaya()"
            },
            "keyword": "And "
          },
          {
            "result": {
              "duration": 2724918100,
              "status": "passed"
            },
            "line": 10,
            "name": "user input email",
            "match": {
              "location": "login.user_input_email()"
            },
            "keyword": "And "
          },
          {
            "result": {
              "duration": 1456859500,
              "status": "passed"
            },
            "line": 11,
            "name": "user input password",
            "match": {
              "location": "login.user_input_password()"
            },
            "keyword": "And "
          },
          {
            "result": {
              "duration": 940972600,
              "status": "passed"
            },
            "line": 12,
            "name": "user click button masuk",
            "match": {
              "location": "login.user_click_button_masuk()"
            },
            "keyword": "And "
          },
          {
            "result": {
              "duration": 4010658900,
              "status": "passed"
            },
            "line": 13,
            "name": "user succesful login and directed to home page",
            "match": {
              "location": "login.user_succesful_login_and_directed_to_home_page()"
            },
            "keyword": "Then "
          }
        ],
        "tags": [
          {
            "name": "@Login"
          },
          {
            "name": "@LGN01"
          }
        ]
      },
      {
        "line": 16,
        "name": "Login with one null field data",
        "description": "",
        "id": "login;login-with-one-null-field-data",
        "type": "scenario",
        "keyword": "Scenario",
        "steps": [
          {
            "result": {
              "duration": 17133729200,
              "status": "passed"
            },
            "line": 17,
            "name": "User already open login page",
            "match": {
              "location": "login.user_already_open_login_page()"
            },
            "keyword": "Given "
          },
          {
            "result": {
              "duration": 5871920100,
              "status": "passed"
            },
            "line": 18,
            "name": "User click account",
            "match": {
              "location": "login.user_click_account()"
            },
            "keyword": "When "
          },
          {
            "result": {
              "duration": 1519582000,
              "status": "passed"
            },
            "line": 19,
            "name": "User click btn masuk page akunsaya",
            "match": {
              "location": "login.user_click_btn_masuk_page_akunsaya()"
            },
            "keyword": "And "
          },
          {
            "result": {
              "duration": 2590896500,
              "status": "passed"
            },
            "line": 20,
            "name": "User input Email",
            "match": {
              "location": "login.user_input_Email()"
            },
            "keyword": "And "
          },
          {
            "result": {
              "duration": 902863300,
              "status": "passed"
            },
            "line": 21,
            "name": "User button Masuk",
            "match": {
              "location": "login.user_button_Masuk()"
            },
            "keyword": "And "
          },
          {
            "result": {
              "duration": 2315430100,
              "status": "passed"
            },
            "line": 22,
            "name": "User can not login and pop up warning password",
            "match": {
              "location": "login.User_can_not_login_and_pop_up_warning_password()"
            },
            "keyword": "Then "
          }
        ],
        "tags": [
          {
            "name": "@Login"
          },
          {
            "name": "@LGN02"
          }
        ]
      },
      {
        "line": 25,
        "name": "Login without input all data",
        "description": "",
        "id": "login;login-without-input-all-data",
        "type": "scenario",
        "keyword": "Scenario",
        "steps": [
          {
            "result": {
              "duration": 17690828300,
              "status": "passed"
            },
            "line": 26,
            "name": "User already open loginPage",
            "match": {
              "location": "login.user_already_open_loginPage()"
            },
            "keyword": "Given "
          },
          {
            "result": {
              "duration": 6223561500,
              "status": "passed"
            },
            "line": 27,
            "name": "User click btnMasuk pageAkunsaya",
            "match": {
              "location": "login.user_click_btnMasuk_pageAkunsaya()"
            },
            "keyword": "When "
          },
          {
            "result": {
              "duration": 1456486500,
              "status": "passed"
            },
            "line": 28,
            "name": "User click Masuk",
            "match": {
              "location": "login.user_click_Masuk()"
            },
            "keyword": "And "
          },
          {
            "result": {
              "duration": 1544074700,
              "status": "passed"
            },
            "line": 29,
            "name": "User click btnMasuk",
            "match": {
              "location": "login.user_click_btnMasuk()"
            },
            "keyword": "And "
          },
          {
            "result": {
              "duration": 2361490500,
              "status": "passed"
            },
            "line": 30,
            "name": "User can not login and pop up warning text email tidak boleh kosong",
            "match": {
              "location": "login.user_can_not_login_and_pop_up_warning_text_email_tidak_boleh_kosong()"
            },
            "keyword": "Then "
          }
        ],
        "tags": [
          {
            "name": "@Login"
          },
          {
            "name": "@LGN03"
          }
        ]
      },
      {
        "line": 33,
        "name": "Login with unregistered credential",
        "description": "",
        "id": "login;login-with-unregistered-credential",
        "type": "scenario",
        "keyword": "Scenario",
        "steps": [
          {
            "result": {
              "duration": 17735371600,
              "status": "passed"
            },
            "line": 34,
            "name": "User ready open login page",
            "match": {
              "location": "login.user_ready_open_login_page()"
            },
            "keyword": "Given "
          },
          {
            "result": {
              "duration": 5354134100,
              "status": "passed"
            },
            "line": 35,
            "name": "User click BtnAkun",
            "match": {
              "location": "login.user_click_BtnAkun()"
            },
            "keyword": "When "
          },
          {
            "result": {
              "duration": 1424655800,
              "status": "passed"
            },
            "line": 36,
            "name": "User click BTNMasuk",
            "match": {
              "location": "login.user_click_BTNMasuk()"
            },
            "keyword": "And "
          },
          {
            "result": {
              "duration": 2709255300,
              "status": "passed"
            },
            "line": 37,
            "name": "User input EMail",
            "match": {
              "location": "login.user_input_EMail()"
            },
            "keyword": "And "
          },
          {
            "result": {
              "duration": 1406037000,
              "status": "passed"
            },
            "line": 38,
            "name": "User input PassWord",
            "match": {
              "location": "login.user_input_PassWord()"
            },
            "keyword": "And "
          },
          {
            "result": {
              "duration": 917234600,
              "status": "passed"
            },
            "line": 39,
            "name": "User click bTnMasuk",
            "match": {
              "location": "login.user_click_bTnMasuk()"
            },
            "keyword": "And "
          },
          {
            "result": {
              "duration": 5225839400,
              "status": "passed"
            },
            "line": 40,
            "name": "user failed login",
            "match": {
              "location": "login.user_failed_login()"
            },
            "keyword": "Then "
          }
        ],
        "tags": [
          {
            "name": "@Login"
          },
          {
            "name": "@LGN04"
          }
        ]
      }
    ],
    "name": "login",
    "description": "",
    "id": "login",
    "keyword": "Feature",
    "uri": "Include/features/login.feature",
    "tags": [
      {
        "name": "@Login",
        "type": "Tag",
        "location": {
          "line": 1,
          "column": 1
        }
      }
    ]
  },
  {
    "line": 4,
    "elements": [
      {
        "line": 7,
        "name": "Sign Up with correct data",
        "description": "",
        "id": "user-sign-up;sign-up-with-correct-data",
        "type": "scenario",
        "keyword": "Scenario",
        "steps": [
          {
            "result": {
              "duration": 24088655100,
              "status": "passed"
            },
            "line": 8,
            "name": "User successful install the app and open sign up page",
            "match": {
              "location": "register.user_successful_install_the_app_and_open_sign_up_page()"
            },
            "keyword": "Given "
          },
          {
            "result": {
              "duration": 1417594200,
              "status": "passed"
            },
            "line": 9,
            "name": "User click MAsuk",
            "match": {
              "location": "register.user_click_MAsuk()"
            },
            "keyword": "When "
          },
          {
            "result": {
              "duration": 1776532200,
              "status": "passed"
            },
            "line": 10,
            "name": "User click Daftar",
            "match": {
              "location": "register.user_click_Daftar()"
            },
            "keyword": "And "
          },
          {
            "result": {
              "duration": 2540028000,
              "status": "passed"
            },
            "line": 11,
            "name": "User input name",
            "match": {
              "location": "register.user_input_name()"
            },
            "keyword": "And "
          },
          {
            "result": {
              "duration": 2160623800,
              "status": "passed"
            },
            "line": 12,
            "name": "User input email",
            "match": {
              "location": "register.user_input_email()"
            },
            "keyword": "And "
          },
          {
            "result": {
              "duration": 2015293600,
              "status": "passed"
            },
            "line": 13,
            "name": "User input password",
            "match": {
              "location": "register.user_input_password()"
            },
            "keyword": "And "
          },
          {
            "result": {
              "duration": 2385768500,
              "status": "passed"
            },
            "line": 14,
            "name": "User input phone number",
            "match": {
              "location": "register.user_input_phone_number()"
            },
            "keyword": "And "
          },
          {
            "result": {
              "duration": 2019933900,
              "status": "passed"
            },
            "line": 15,
            "name": "User input city",
            "match": {
              "location": "register.user_input_city()"
            },
            "keyword": "And "
          },
          {
            "result": {
              "duration": 1518894100,
              "status": "passed"
            },
            "line": 16,
            "name": "User input address",
            "match": {
              "location": "register.user_input_address()"
            },
            "keyword": "And "
          },
          {
            "result": {
              "duration": 7025716800,
              "status": "passed"
            },
            "line": 17,
            "name": "User click btn Daftar success",
            "match": {
              "location": "register.User_click_btn_Daftar_success()"
            },
            "keyword": "Then "
          }
        ],
        "tags": [
          {
            "name": "@Register"
          },
          {
            "name": "@RGS01"
          }
        ]
      }
    ],
    "name": "User Sign Up",
    "description": "",
    "id": "user-sign-up",
    "keyword": "Feature",
    "uri": "Include/features/register.feature",
    "tags": [
      {
        "name": "@Register",
        "type": "Tag",
        "location": {
          "line": 1,
          "column": 1
        }
      }
    ]
  }
]